DN_HistogramMode_5,DN_HistogramMode_10,SB_BinaryStats_mean_longstretch1,DN_OutlierInclude_p_001_mdrmd,DN_OutlierInclude_n_001_mdrmd,CO_f1ecac,CO_FirstMin_ac,CO_HistogramAMI_even_2_5,IN_AutoMutualInfoStats_40_gaussian_fmmi,MD_hrv_classic_pnn40,SB_BinaryStats_diff_longstretch0,SB_MotifThree_quantile_hh,FC_LocalSimple_mean1_tauresrat,CO_Embed2_Dist_tau_d_expfit_meandiff,SC_FluctAnal_2_rsrangefit_50_1_logi_prop_r1,SC_FluctAnal_2_dfa_50_1_2_logi_prop_r1,SP_Summaries_welch_rect_area_5_1,SP_Summaries_welch_rect_centroid,FC_LocalSimple_mean3_stderr,CO_trev_1_num,PD_PeriodicityWang_th0_01,CO_Embed2_Dist_tau_d_expfit_meandiff
2.2037591050024425,2.0970531442387177,0.7896192015201906,0.6001509620421013,0.6758262651903035,0.6214586441694556,0.5286330919524721,-0.08534392739733543,-0.23635972962351934,-0.7607072614441059,-0.3205663904569995,1.7428454192034517,0.2882952597488703,1.0797654055774533,-0.3069696962496615,-1.086987007680192,1.3662730021301133,0.9588898830339239,0.16373372702699618,-1.2413603962914486,0.172957019761716,-0.4849970290716682
-1.0055832975115653,2.2891397927797543,0.431562509851966,0.7084669779186837,0.48566008730160604,0.6214586441694556,0.14631808795113072,0.08145978536062101,-0.23635972962351934,-0.6529713982655129,-0.3197312466528391,1.3703124604499215,0.522752248098855,-0.20050850693283065,0.0983203672584492,-0.43471583899498756,1.070215902943921,0.529614972447465,0.4300476203841637,-1.1629036296719049,0.172957019761716,2.0778484088000546
-0.6545556142417865,-0.3238342140890324,-0.38685278538969037,-0.4830091967237235,0.6931140995438213,0.6214586441694556,0.2100372552846876,0.5090198217924858,-0.23635972962351934,-0.5826665446698505,-0.29736355374708323,1.0033616321361374,0.05383827139888572,1.0797654055774533,0.3009653990125045,-1.086987007680192,0.36986577583679986,0.509456135333472,0.5632045670627469,-1.2413603962914486,0.172957019761716,-0.4849970290716682
-0.5857524988725412,-0.27288533823942346,-0.38685278538969037,-0.23027182634503096,0.35600132965022135,0.6214586441694556,-0.23599691605021064,0.41398340916684884,-0.23635972962351934,-0.6095324356845356,-0.31385421256016466,0.30629092974594885,0.05383827139888572,1.0797654055774533,0.19964288313547687,-1.086987007680192,0.573603994631599,0.9030313929188295,0.6963615137413307,-1.2413603962914486,0.172957019761716,-0.4849970290716682
-0.4393028952194463,-0.5860916916582014,-1.051815212773536,-0.30248250359608597,0.8314167743719649,-0.7885735736940155,0.14631808795113072,-0.6642876128131229,-0.23635972962351934,1.5314909170481263,2.842559878223607,0.7207281920680526,-0.4150757053010835,1.0797654055774533,-0.2056471803726338,0.6034928688851957,-0.957945374239648,-1.8817786230692355,0.6963615137413307,0.9554290690557772,-0.9237125526090926,-0.4849970290716682
-0.38368140111629334,-0.5198000872684708,-1.1029661687261396,0.23909757578682636,-0.2404289555461478,-0.7885735736940155,0.2100372552846876,-2.1945153286648535,-0.23635972962351934,2.9465281205315526,-0.2275528901473385,-0.8451136281953655,-0.4150757053010835,-0.5663010533643407,-1.624162402651021,0.11928149395516724,-2.0313346599590445,-1.9348101688134411,0.6963615137413307,0.9554290690557772,-0.9237125526090926,-0.4849970290716682
-0.7985130576276828,-0.4524358471441973,-0.2333999175318798,0.6001509620421013,0.3732891640037394,0.2689505897035879,-0.3634352507173244,0.39454898982732595,-0.23635972962351934,-0.6045142108500795,-0.3111806611004864,0.35462182370075485,0.2882952597488703,0.8968691323616986,0.5036104307665599,0.11532843880471967,-0.037610661752797925,0.7212694694699177,0.6963615137413307,0.6416020025776021,0.172957019761716,1.9558081498537823
-0.7079802070106466,-0.3805356219853018,-0.2333999175318798,-0.23027182634503096,0.4165087498875343,0.6214586441694556,-0.17227774871665374,0.3962196142326973,-0.23635972962351934,-0.626868647055598,-0.28854430668762976,0.7856042405678789,0.2882952597488703,1.0797654055774533,3.3406408753233348,-1.086987007680192,0.8728445034864597,0.49333880852461814,0.6963615137413307,-1.1629036296719049,0.172957019761716,-0.4849970290716682
0.5938167480613422,0.28899072532544595,-1.4610228603943642,-0.04974513321739357,-0.18856545248559392,-1.8460977370916187,-1.9564144340562468,-2.6154701856106626,2.954496620294174,3.780324803327221,0.49677401209984123,-0.4060632842523349,-1.5873606470510067,0.8968691323616986,-1.7254849185280488,1.1407689204897744,-1.956145555403821,-1.9924850588575502,0.6963615137413307,0.9554290690557772,-1.5194342956253348,-0.4849970290716682
-0.17346439836892866,-0.3377161383506891,-0.7960604330105185,-0.085850471842921,0.10532773152421111,-0.4360655192281477,-0.7457502547186657,0.793004113708469,-0.23635972962351934,-0.01806627716184185,-0.26600397306540663,-1.1943939193763413,-0.8839896820010528,-0.38340478014858603,0.6049329466435875,-0.7608514233375883,-0.026291871819753437,-0.07247385497845539,0.6963615137413307,-1.2413603962914486,-0.9237125526090926,-0.4849970290716682
-0.7835345047843684,-0.8690029439191634,-0.38685278538969037,0.02246554403366141,0.8659924430790007,0.6214586441694556,-0.17227774871665374,0.4341967324737317,-0.23635972962351934,-0.5589326688681954,-0.3042447976159605,1.925085019799949,0.2882952597488703,1.0797654055774533,0.19964288313547687,-1.086987007680192,0.7773422134263976,0.539365701236801,0.6963615137413307,-1.1629036296719049,0.172957019761716,-0.4849970290716682
-0.7607779210266885,-0.43545094419121183,-0.07994704967406922,0.7806776551697386,-1.813621881716281,0.6214586441694556,-0.3634352507173244,0.3407105590819532,-0.23635972962351934,-0.6299456842724959,-0.30994796673665825,0.5397163788786934,0.522752248098855,0.5310765859301878,-0.10432466449560614,0.11532843880471967,1.2675873024013826,0.7522578175996284,0.5632045670627469,-1.1629036296719049,0.172957019761716,1.7117276319612373
-0.8540497807479321,-0.5074735714056339,0.022354862231137817,0.058570882659188826,0.4943040044783649,0.9739666986353235,-0.17227774871665374,0.19101796954108666,-0.23635972962351934,-0.8773071949223915,-0.3073818317092126,1.137006236152758,0.522752248098855,2.1771430448719826,1.0102230101516982,0.5974990504096461,1.168901602672652,0.9873615965620168,0.5632045670627469,-1.2413603962914486,0.172957019761716,-0.4849970290716682
-0.8417626799542653,0.7823523066649459,0.2269586860415519,0.41962426891446375,0.5202357560086419,0.9739666986353235,-0.17227774871665374,0.2747486247933319,-0.23635972962351934,-0.7380389424407201,-0.3165367441713058,1.0722287073717374,0.522752248098855,0.3481803127144332,-0.0030021486185784667,-1.086987007680192,1.070215902943921,0.8301611577911572,0.29689067370558,-1.1629036296719049,0.172957019761716,1.894788020380646
-0.24681891579384369,-0.39540988696220214,-0.642607565152708,0.2752029144123538,0.10532773152421111,-0.08355746476227989,-0.5545927527179951,0.752466386175139,-0.23635972962351934,-0.15956656947471937,-0.26222964580531777,-0.8240734094945289,-0.4150757053010835,-0.20050850693283065,0.3009653990125045,-0.1596937000951324,0.33712213353049314,-0.01791025966607232,0.6963615137413307,-1.2413603962914486,-0.9237125526090926,-0.4849970290716682
-0.08708074081698054,-0.3119701464985271,-1.2564190365839503,0.0946762212847164,0.18312298611504194,-1.8460977370916187,-0.4908735853844382,1.0471987816564465,2.954496620294174,0.8823046547690313,-0.31589386572374983,-2.2879483199053805,-1.8218176354009912,-0.9320935997958506,-0.40829221212668915,-0.10862187190916799,-0.6164124196925673,-0.4693115753183118,0.6963615137413307,-1.2413603962914486,-1.5194342956253348,-0.4849970290716682
-0.880025315992271,-0.5385186699684591,0.022354862231137817,0.5640456234165737,0.468372252948088,0.6214586441694556,-0.29971608338376754,0.34758491584673723,-0.23635972962351934,-0.5995708790616905,-0.3074064208861416,0.41461078973127763,0.522752248098855,-0.7491973265800961,-0.0030021486185784667,-0.43471583899498756,1.4649587018588441,0.6461802454581692,0.6963615137413307,-1.2413603962914486,0.172957019761716,1.7727477614343734
-0.6930513438252354,-0.36664667988427385,-0.2845508734844833,0.02246554403366141,0.39922091553401623,0.6214586441694556,-0.29971608338376754,0.5223779107350076,-0.23635972962351934,-0.6552068992196949,-0.3045035561632231,0.34445618342274226,0.2882952597488703,1.4455579520089625,0.7062554625206152,-0.43471583899498756,0.9810804322211963,0.9277592765692072,0.6963615137413307,-1.1629036296719049,0.172957019761716,-0.4849970290716682
-0.4520015884584061,-0.5705054349778216,-0.744909477057915,-0.12195581046844856,0.7363336854276163,-0.08355746476227989,0.2100372552846876,-0.5025344996587416,-0.23635972962351934,1.448224514128885,3.6857658349929787,1.009196558318915,0.05383827139888572,-0.20050850693283065,-0.6109372438807444,0.21751371243343579,-1.7693855215085885,-1.9254845098321418,0.6963615137413307,0.9554290690557772,0.172957019761716,-0.4849970290716682
-0.7464694321538977,-0.4176831420148664,-0.18224896157927628,0.0946762212847164,0.34735741247346247,0.6214586441694556,-0.23599691605021064,0.24606055749849323,-0.23635972962351934,-0.6301309990411998,-0.30962980111230826,0.5096424424907007,0.2882952597488703,0.713972859145944,0.5036104307665599,0.11532843880471967,1.070215902943921,0.7273176221359402,0.6963615137413307,-1.1629036296719049,0.172957019761716,-0.4849970290716682
-0.7342583586694262,-0.3889835511951343,-0.2845508734844833,-0.5552198739747785,0.7104019338973394,0.6214586441694556,0.01887975328401694,0.4412965158223715,-0.23635972962351934,-0.7675397932395207,-0.309216768203828,2.0770924854202315,0.2882952597488703,1.9942467716562278,1.3141905577827813,-1.086987007680192,0.37941600484280613,0.9638756762009602,-1.1678357397588404,0.9554290690557772,0.172957019761716,-0.4849970290716682
-0.7822809605390667,-0.836689894949425,0.07350581818374134,0.20299223716129888,0.4251526670642933,0.6214586441694556,-0.17227774871665374,0.24864805746906213,-0.23635972962351934,-0.6789913932297674,-0.3137356887193458,0.7270954331752657,0.522752248098855,0.3481803127144332,-0.3069696962496615,-1.086987007680192,1.3662730021301133,0.5989037987158281,0.5632045670627469,-1.2413603962914486,0.172957019761716,1.894788020380646
-0.759247351607068,-0.41474412557066503,-0.3357018294370868,0.9973096869229034,-1.6061678694740655,0.2689505897035879,-0.42715441805088133,0.32710373720671687,-0.23635972962351934,-0.4471099105007252,-0.2979092709696349,0.23587673008358503,-0.1806187169510989,1.4455579520089625,0.5036104307665599,0.11532843880471967,-0.3771743597441295,0.4474791214555877,0.6963615137413307,0.720058769197146,0.172957019761716,-0.4849970290716682
-0.29453133050717406,-0.44451133938253207,-0.744909477057915,-0.15806114909397598,0.157191234584765,-0.08355746476227989,-0.6820310873851089,0.7007930051800264,-0.23635972962351934,-0.0737275824813522,-0.25640376586968205,-0.8763675142032449,-0.6495326936510681,0.5310765859301878,0.0983203672584492,0.11532843880471967,-0.0012288369680123902,0.05802342208990018,0.6963615137413307,-1.2413603962914486,-0.9237125526090926,-0.4849970290716682
-0.8906912117242191,-0.9295912322786031,0.32926059794675894,-0.7357465671024157,0.48566008730160604,0.9739666986353235,0.2100372552846876,0.17987019548385036,-0.23635972962351934,-0.7452284360560516,-0.2907022727432809,1.1867792093973164,1.226123213148809,0.16528403949867862,1.2128680419057536,-0.43471583899498756,0.7631937260100919,0.15372120223426833,-0.5020510063659221,0.9554290690557772,0.172957019761716,-0.4849970290716682
-0.42818478094851187,-0.574895503637985,-1.409871904441761,-0.04974513321739357,0.7709093541346521,-1.1410816281598832,-1.89269526672269,-2.5874765794708514,-0.23635972962351934,3.6869146079437556,-0.2792322383319242,-0.23345927523904195,-0.4150757053010835,-0.5663010533643407,-1.928129950282104,0.6034928688851957,-2.0313346599590445,-1.9806555175319562,0.6963615137413307,0.9554290690557772,-0.9237125526090926,-0.4849970290716682
-1.0480496146300853,2.413278626839454,0.27810964199415544,1.394468411803706,-1.9173488878373885,0.9739666986353235,0.01887975328401694,0.046844615529835106,-0.23635972962351934,-0.7221047012407602,-0.34127584782946196,1.727901599437077,0.522752248098855,0.5310765859301878,-0.9149047915118275,-0.43471583899498756,1.345339671884625,0.9060631318090405,0.6963615137413307,0.8769723024362333,0.172957019761716,2.0168282793269188
-0.7375415015167243,-0.39502581975297757,-0.3357018294370868,-0.12195581046844856,0.6239627621297497,0.6214586441694556,-0.23599691605021064,0.4385281663285343,-0.23635972962351934,-0.656048515144204,-0.30003059346653865,1.6531248467858475,0.05383827139888572,1.6284542252247172,0.8075779783976429,-1.086987007680192,0.879211322823797,0.6134958182848348,0.6963615137413307,-1.0844468630523612,0.172957019761716,-0.4849970290716682
-0.500351651571439,-0.6301091295875573,-0.8472113889631221,-0.3746931808471409,0.9005681117860368,-0.08355746476227989,0.14631808795113072,-0.10559168497472878,-0.23635972962351934,0.4546434276452252,0.6450007353884688,1.2277843731906404,0.05383827139888572,-0.017612233717076018,-1.928129950282104,0.11928149395516724,-0.9544326463293928,-1.699308431383162,0.6963615137413307,0.9554290690557772,0.172957019761716,-0.4849970290716682
-0.303683397755748,-0.43972280327131735,-0.5403056532475009,-0.04974513321739357,0.1399034002312471,-0.08355746476227989,-0.8094694220522227,0.7835064937128057,-0.23635972962351934,-0.03882796639965519,-0.220149994562563,-0.6958501803151849,-0.6495326936510681,-0.38340478014858603,0.0983203672584492,-0.43471583899498756,0.22433847669765772,-0.07571987391846459,0.6963615137413307,-1.2413603962914486,-0.9237125526090926,-0.4849970290716682
-0.9209367520130545,2.358904954235922,0.3804115538993625,0.7084669779186837,-0.7072004830911324,0.9739666986353235,0.01887975328401694,0.022345380461403063,-0.23635972962351934,-0.7300608632693513,-0.3045112498809673,1.4428997095219644,0.522752248098855,0.5310765859301878,0.3009653990125045,-0.43471583899498756,1.5367301198433754,0.554528133534459,0.4300476203841637,-1.1629036296719049,0.172957019761716,1.894788020380646
-0.5008003513149086,-0.6271049474920518,-0.9495133008683291,0.0946762212847164,0.7449776026043752,-0.4360655192281477,0.08259892061757383,-0.6643213317254248,-0.23635972962351934,1.7950252352610805,4.455371204021685,0.8142590332379993,-0.1806187169510989,0.3481803127144332,-0.8135822756347998,0.21751371243343579,-1.7456160626491952,-1.9464912379380213,0.6963615137413307,0.9554290690557772,0.172957019761716,-0.4849970290716682
-0.2994093407648988,-0.46378305542205134,-0.8983623449157255,-0.15806114909397598,0.02753247693338029,-0.7885735736940155,-0.7457502547186657,0.7358386584489615,-0.23635972962351934,0.109274878210465,-0.2873249269912627,-1.0001452880671533,-1.1184466703510374,-0.38340478014858603,0.5036104307665599,0.11532843880471967,-0.17474215517237418,-0.12902769339885553,0.5632045670627469,-1.2413603962914486,-0.9237125526090926,-0.4849970290716682
1.8933876917633992,1.8348772376596427,1.3522797169988294,0.20299223716129888,0.9524316148465904,-0.08355746476227989,1.229543932621598,-1.2729928810694684,-0.23635972962351934,-0.7174135424721978,-0.29273918781155184,1.1585915330364518,0.2882952597488703,0.5310765859301878,0.8075779783976429,-0.4327601200481528,2.6109861825795875,0.5028346615292723,-0.10258016633017138,-1.2413603962914486,0.172957019761716,-0.4849970290716682
-0.7997393045501877,-0.46485678484584697,-0.07994704967406922,0.41962426891446375,0.4165087498875343,0.6214586441694556,-0.29971608338376754,0.46498968790953704,-0.23635972962351934,-0.5967166348131788,-0.30447419708432794,0.5224456658629899,0.522752248098855,0.8968691323616986,-0.0030021486185784667,-1.086987007680192,1.168901602672652,0.6627749711432284,0.6963615137413307,-1.2413603962914486,0.172957019761716,1.7117276319612373
-0.795645985692699,-0.4498891917193865,-0.2333999175318798,0.5279402847910463,0.4165087498875343,0.6214586441694556,-0.3634352507173244,0.4870174522981463,-0.23635972962351934,-0.6171089961588577,-0.3182324433382761,1.3354353811290498,0.2882952597488703,1.0797654055774533,0.5036104307665599,-1.086987007680192,0.9810804322211963,0.7763438083949213,0.6963615137413307,0.6416020025776021,0.172957019761716,-0.4849970290716682
-0.41242217648596446,-0.5502577835618484,-0.8472113889631221,-0.33858784222161353,0.7622654369578933,-0.08355746476227989,0.08259892061757383,-0.36084935612038527,-0.23635972962351934,1.1258858735413722,1.4882389441462203,0.8398671233378429,0.05383827139888572,-0.5663010533643407,-2.0294524661591318,-0.4327601200481528,-1.1140275843853187,-1.8023777727775987,0.6963615137413307,0.9554290690557772,0.172957019761716,-0.4849970290716682
-0.8529669514002767,-0.5076173004015873,-0.028796093721465705,0.20299223716129888,0.48566008730160604,0.6214586441694556,-0.23599691605021064,0.1917347197326558,-0.23635972962351934,-0.7455639060594713,-0.30158083332800667,0.44235553461573096,0.522752248098855,1.0797654055774533,0.5036104307665599,0.11532843880471967,1.2675873024013826,0.8951936330646488,0.6963615137413307,-1.1629036296719049,0.172957019761716,-0.4849970290716682
1.8888238139781701,1.8182281884479938,1.5057325848566399,1.7555217980589808,-2.384120415382373,0.6214586441694556,1.4207014346222686,-0.90665076843869,-0.23635972962351934,-0.5237987907475553,0.07240042523315937,0.2977180669706257,1.226123213148809,0.16528403949867862,-0.10432466449560614,1.7816453848339548,0.5000318600668102,-1.451467656811128,-0.10258016633017138,0.4846884693385144,0.172957019761716,-0.4849970290716682
-0.28228538895803656,-0.42450739838835916,-0.5914566092001045,0.6723616392931562,0.1399034002312471,-0.08355746476227989,-0.42715441805088133,0.7503239958999627,-0.23635972962351934,-0.255299151468687,-0.2887833689507029,-0.7698182268080999,-0.4150757053010835,-0.5663010533643407,-0.40829221212668915,-1.086987007680192,0.34878940837526906,0.3814821456719046,0.6963615137413307,-1.0059900964328174,-0.9237125526090926,-0.4849970290716682
2.2539481119785645,2.134814223939023,0.8407701574727942,1.8999431525610908,-2.142090734433122,0.9739666986353235,0.5286330919524721,0.24540688081060702,-0.23635972962351934,-0.8279297059946411,-0.317748251281312,1.456470071564566,1.226123213148809,0.5310765859301878,0.7062554625206152,-1.086987007680192,0.765700029495266,0.8218848464196249,-0.10258016633017138,0.8769723024362333,0.172957019761716,2.382949056165736
-0.4791434444712979,-0.6060568978246761,-1.1029661687261396,-0.085850471842921,0.796841105664929,-0.4360655192281477,0.2737564226182445,-2.1227990421824954,-0.23635972962351934,2.60461248450589,3.001802153773595,0.1245365699422003,-0.1806187169510989,-0.20050850693283065,-1.5228398867739934,0.6034928688851957,-2.271939794535759,-1.957390900376274,0.6963615137413307,0.9554290690557772,0.172957019761716,-0.4849970290716682
-0.48608538824484926,-0.6007580645363261,-0.4891546972948974,0.6723616392931562,0.20905473764531887,0.2689505897035879,-0.42715441805088133,0.7185086709820236,-0.23635972962351934,-0.25403774525778494,-0.2806890041393163,-0.44849997494062216,-0.1806187169510989,-0.38340478014858603,-0.3069696962496615,-1.086987007680192,0.6754731040289983,0.34491052552179285,0.6963615137413307,-1.2413603962914486,-0.9237125526090926,-0.4849970290716682
-0.2067240002781977,-0.36171332108785326,-0.6937585211053114,0.6001509620421013,0.12261556587772918,-0.08355746476227989,-0.3634352507173244,0.7700532577379086,-0.23635972962351934,-0.09066960335448657,-0.29309275493909304,-1.033118456902674,-0.6495326936510681,-1.1149898730116052,-0.6109372438807444,-1.086987007680192,0.22433847669765772,-0.2697542570506425,0.6963615137413307,-1.1629036296719049,-0.9237125526090926,-0.4849970290716682
-0.6469784745623777,-0.7401414685257216,-0.2333999175318798,0.6001509620421013,0.22634257199883678,0.2689505897035879,-0.42715441805088133,0.3921106382154011,-0.23635972962351934,-0.6093925033150772,-0.2940733876067271,0.1643001103073492,0.05383827139888572,1.0797654055774533,0.6049329466435875,0.11532843880471967,0.043884625765121844,0.7185320641317072,0.6963615137413307,0.6416020025776021,0.172957019761716,-0.4849970290716682
-0.28934334635347353,-0.42283824630726313,-0.43800374134229386,0.02246554403366141,0.22634257199883678,0.2689505897035879,-0.618311920051552,0.7656754826591996,-0.23635972962351934,-0.31486632275618176,-0.27125150246581914,-0.5168412848600585,-0.4150757053010835,-0.017612233717076018,0.4022879148895322,-0.1596937000951324,0.2398948431573591,0.17842586831981064,0.6963615137413307,-1.1629036296719049,-0.9237125526090926,-0.4849970290716682
-0.17561182330565275,-0.35070852868685176,-0.8983623449157255,-0.3746931808471409,0.1399034002312471,-0.7885735736940155,-0.8731885893857796,0.8123311761097299,-0.23635972962351934,0.12823929749123736,-0.3146824599765093,-1.3637469719517306,-0.8839896820010528,-0.20050850693283065,0.6049329466435875,-1.086987007680192,-0.2962014779154273,0.17696549918388338,0.5632045670627469,-1.1629036296719049,-0.9237125526090926,-0.4849970290716682
-0.7946978302461847,0.0027785821888098067,-0.43800374134229386,0.38351893028893624,0.9351437804930727,0.6214586441694556,-0.23599691605021064,0.5148610360810949,-0.23635972962351934,-0.581064509341422,-0.3366284903883193,1.8997622267095158,0.05383827139888572,1.4455579520089625,0.3009653990125045,-1.086987007680192,0.6754731040289983,0.853961120600951,0.6963615137413307,-1.2413603962914486,0.172957019761716,-0.4849970290716682
1.594990419777366,1.577527599470999,2.017242144382675,2.0082591684376734,-2.5569987589175525,0.9739666986353235,2.1216122752913944,-1.4448930025130693,-0.23635972962351934,-0.44640790791824375,-0.14065149281975306,0.1904596423807799,1.4605802014987934,-1.4807824194431154,-1.2188723391429104,0.6034928688851957,0.07802454350911517,-1.2111028292981976,-0.10258016633017138,0.9554290690557772,0.172957019761716,-0.4849970290716682
-0.43808304610697185,-0.5784297604579448,-0.8472113889631221,-0.2663771649705585,0.796841105664929,-0.08355746476227989,-0.04483941404953995,-0.018891860692613324,-0.23635972962351934,0.4668221251604754,0.4629468949274317,1.0384770262266567,0.05383827139888572,-0.017612233717076018,-2.0294524661591318,1.2496398170342646,-0.7982333452533804,-1.6769285078755611,0.6963615137413307,0.9554290690557772,0.172957019761716,-0.4849970290716682
-0.7016909464903694,-0.3819090222643252,-0.18224896157927628,0.7084669779186837,0.34735741247346247,0.6214586441694556,-0.42715441805088133,0.4166751976273196,-0.23635972962351934,-0.5567093601701415,-0.3106318162763693,0.04685025037023281,0.2882952597488703,0.5310765859301878,0.4022879148895322,-0.43471583899498756,1.168901602672652,0.6003460992439162,0.6963615137413307,0.6416020025776021,0.172957019761716,1.7727477614343734
-0.3691243573238191,-0.5219051656575215,-1.3075699925365538,-0.30248250359608597,0.6931140995438213,-0.7885735736940155,-0.04483941404953995,-2.3280480803115053,-0.23635972962351934,2.690343649167566,1.7142391283798055,0.24398465519471263,-0.1806187169510989,-0.38340478014858603,-1.5228398867739934,2.0686001309621442,-2.373574722072475,-1.9639540813444614,0.6963615137413307,0.9554290690557772,-0.9237125526090926,-0.4849970290716682
-0.3849095673818074,-0.5400057227889878,-1.1029661687261396,0.45572960753999125,-0.09348236354124524,-1.1410816281598832,0.01887975328401694,-1.0103090913236796,-0.23635972962351934,2.0973576665208182,4.941940702182574,0.6896941555023725,-0.6495326936510681,0.5310765859301878,0.4022879148895322,1.2496398170342646,-1.8976651407497585,-1.9510115994152952,0.6963615137413307,0.9554290690557772,1.0259222427167904,-0.4849970290716682
2.449531617103591,2.3059003982951745,0.48271346580456953,1.4666790890547612,-1.9865002252514605,0.9739666986353235,0.14631808795113072,-0.3437157843453604,-0.23635972962351934,-0.7024057855456626,-0.31490504650767853,1.8424526710593927,0.7572092364488396,0.5310765859301878,0.0983203672584492,-1.086987007680192,1.7281205678021256,0.47150188603456783,0.6963615137413307,0.8769723024362333,0.172957019761716,2.0778484088000546
-0.5122899650882786,-0.6350722914161128,-0.7960604330105185,-0.19416648771950354,0.7622654369578933,-0.08355746476227989,0.14631808795113072,-1.0005734559379709,-0.23635972962351934,1.4158996837177715,2.7307026920847877,1.0422794544751868,0.05383827139888572,0.16528403949867862,-1.2188723391429104,0.11928149395516724,-1.9731237403033874,-1.8832665226852159,0.6963615137413307,0.9554290690557772,0.172957019761716,-0.4849970290716682
-0.3908213571102874,-0.5180781646809342,-0.5914566092001045,0.1307815599102439,0.22634257199883678,-0.08355746476227989,-0.618311920051552,0.7601286753569176,-0.23635972962351934,-0.05161934489295555,-0.16113367712227078,-0.7395040129710757,-0.4150757053010835,-0.9320935997958506,0.4022879148895322,-0.1596937000951324,0.5665785388110887,-0.9468652760907073,0.6963615137413307,-1.1629036296719049,-0.9237125526090926,-0.4849970290716682
-0.3085772959083817,-0.4506055581798766,-0.5914566092001045,-0.085850471842921,0.2349864891755958,-0.08355746476227989,-0.618311920051552,0.7589791882398101,-0.23635972962351934,-0.3500326280980544,-0.28967913522245375,-0.6108362861861224,-0.4150757053010835,0.16528403949867862,0.4022879148895322,-0.1596937000951324,0.2398948431573591,0.30767077563842626,0.6963615137413307,-1.2413603962914486,-0.9237125526090926,-0.4849970290716682
-0.9852494577822539,2.335830298383374,0.431562509851966,1.0695203641739586,-1.9865002252514605,0.9739666986353235,0.08259892061757383,-0.0416250562196189,-0.23635972962351934,-0.8023766935992331,-0.31691428871630856,1.4212760489662528,0.522752248098855,0.3481803127144332,0.19964288313547687,-1.086987007680192,1.4410348958640002,0.8227272586532574,0.6963615137413307,-1.2413603962914486,0.172957019761716,1.9558081498537823
-0.9405685387216901,-0.5836918640155597,0.022354862231137817,0.5640456234165737,0.6066749277762316,0.9739666986353235,-0.29971608338376754,0.39523064078935966,-0.23635972962351934,-0.6469216397885759,-0.3290857277306328,1.7668239440318374,0.522752248098855,0.3481803127144332,-0.7122597597577721,-1.086987007680192,1.070215902943921,0.6391931956966702,0.6963615137413307,-1.2413603962914486,0.172957019761716,1.7117276319612373
-0.36393168144276294,-0.5086771764281824,-1.2052680806313467,0.41962426891446375,-1.4851530289994401,-1.1410816281598832,-0.04483941404953995,-2.0176770334356866,-0.23635972962351934,2.908838499982422,1.4592981993077627,-0.7661611530063077,-0.6495326936510681,0.5310765859301878,-1.624162402651021,0.6034928688851957,-2.1315867993660085,-1.9308606029699096,0.6963615137413307,0.9554290690557772,-0.9237125526090926,-0.4849970290716682
0.3593372237052945,0.07735998655059298,-0.8472113889631221,0.49183494616551876,1.2636126332099138,-1.1410816281598832,0.01887975328401694,0.6224776555143708,-0.23635972962351934,0.19975992449100988,-0.35770459000066074,0.22573109595024193,-1.1184466703510374,2.1771430448719826,-0.6109372438807444,1.004516411703082,-0.46138615684597956,0.2433751108100454,0.5632045670627469,-0.770619796574186,1.0259222427167904,-0.4849970290716682
-0.5540952818004846,-0.21852025565356342,-0.8472113889631221,-0.44690385809819594,0.9524316148465904,-0.4360655192281477,0.14631808795113072,0.47377742759003705,-0.23635972962351934,0.041427664143087226,-0.33052444443168183,1.4389532216691903,0.05383827139888572,2.360039318087737,-0.3069696962496615,-0.4327601200481528,-0.7982333452533804,0.36983584794019586,0.5632045670627469,0.9554290690557772,0.172957019761716,-0.4849970290716682
-0.3939872067736937,-0.5392237349733384,-1.0006642568209325,-0.3746931808471409,0.796841105664929,-0.7885735736940155,0.08259892061757383,-0.6786948077424121,-0.23635972962351934,1.6249308676975458,3.349644224243004,0.19925304930265403,-0.4150757053010835,-0.20050850693283065,-1.4215173708969657,0.6034928688851957,-1.918551003126209,-1.9043213238052275,0.6963615137413307,0.9554290690557772,-0.9237125526090926,-0.4849970290716682
-0.6993318606718042,-0.7669412299728181,0.022354862231137817,0.7445723165442111,-0.7072004830911324,0.6214586441694556,-0.3634352507173244,0.3821427672011754,-0.23635972962351934,-0.6106273762916709,-0.3097634448285341,0.16148891427095152,0.2882952597488703,0.16528403949867862,-0.0030021486185784667,-0.43471583899498756,1.2675873024013826,0.7196882763793153,0.6963615137413307,-1.2413603962914486,0.172957019761716,1.7727477614343734
-0.358356309891718,-0.5081527524315337,-1.3075699925365538,-0.12195581046844856,0.7449776026043752,-1.1410816281598832,-1.765256932055576,-2.4003838407837828,-0.23635972962351934,3.3798646287637064,0.16229376920302738,-0.324287783242391,-0.8839896820010528,-0.017612233717076018,-1.8268074344050764,0.11928149395516724,-2.0146259700578835,-1.9651023078164518,0.6963615137413307,0.9554290690557772,1.0259222427167904,-0.4849970290716682
-0.46366298343109386,-0.5899375587743972,-1.051815212773536,-0.013639794591866157,0.7536215197811341,-0.4360655192281477,0.2100372552846876,-2.6624349693783684,-0.23635972962351934,2.846756904158579,-1.6978240150375625,-0.011594684313198501,0.05383827139888572,-0.017612233717076018,-0.5096147280037168,0.6034928688851957,-2.1666750481584462,-1.9610201138425236,0.6963615137413307,0.9554290690557772,0.172957019761716,-0.4849970290716682
-0.3578329690312263,-0.5064191638253019,-1.051815212773536,-0.2663771649705585,0.7104019338973394,-0.7885735736940155,-0.04483941404953995,-1.0688176859330303,-0.23635972962351934,2.015047361580533,4.4593681307444335,0.7037281119325841,-0.1806187169510989,-0.017612233717076018,-1.320194855019938,0.7675145631116538,-1.9379964612008358,-1.9454619123493713,0.6963615137413307,0.9554290690557772,-0.9237125526090926,-0.4849970290716682
-0.7361790878707376,-0.38767322032968066,-0.43800374134229386,0.02246554403366141,0.5029479216551238,0.2689505897035879,-0.17227774871665374,0.3671369160258825,-0.23635972962351934,-0.5263399929426332,-0.31001279010070015,0.5775589282082457,0.05383827139888572,1.6284542252247172,1.8208031371679196,0.11532843880471967,-0.0613801206121909,0.5787112243880606,0.6963615137413307,-1.1629036296719049,0.172957019761716,-0.4849970290716682
-0.1436319966628102,-0.3098301611941624,-0.744909477057915,2.2609965388163653,-1.5543043664135117,-0.4360655192281477,-1.0006269240528933,0.7566332981152871,-0.23635972962351934,0.023075283533332998,-0.3488930330213999,-1.1789716112951805,-0.8839896820010528,-0.9320935997958506,-1.624162402651021,0.35641374460718134,-0.49413518905225456,-0.5824154234397465,0.6963615137413307,0.9554290690557772,1.0259222427167904,-0.4849970290716682
-0.270140959328049,-0.4270772035690179,-0.6937585211053114,2.369312554692948,-1.519728697706476,-0.4360655192281477,-1.0643460913864502,0.8523614829598942,-0.23635972962351934,-0.005324775995763057,-0.292440052740776,-1.0443473707473236,-0.8839896820010528,-0.38340478014858603,-0.40829221212668915,-0.43471583899498756,-0.17474215517237418,0.12269891293264311,0.6963615137413307,-1.0059900964328174,-0.9237125526090926,-0.4849970290716682
-0.40654130950596506,-0.5282337985180189,-0.3357018294370868,1.105625702799486,-1.6234557038275834,-0.08355746476227989,-0.4908735853844382,0.7131696517160043,-0.23635972962351934,-0.21049988741412864,-0.27280051982352715,-0.40082450762955657,-0.4150757053010835,-0.5663010533643407,-0.0030021486185784667,0.812780534397477,-0.08678885249637013,0.01107630929455927,0.6963615137413307,0.7985155358166898,-1.5735908177177202,-0.4849970290716682
1.659321785825821,1.6198123602018337,1.9149402324774683,0.49183494616551876,1.0561586209676983,-1.1410816281598832,1.9304547732907238,-0.8183957090792928,-0.23635972962351934,-0.1590765672944079,-0.2686620451050665,-0.6397461069273236,-0.8839896820010528,-1.8465749658746253,-0.2056471803726338,1.036141957868278,-0.17474215517237418,-0.19179675368040894,-0.10258016633017138,0.9554290690557772,-0.9237125526090926,-0.4849970290716682
-0.8561044374392145,-0.8865759782677649,0.5338644217571731,0.16688689853577138,0.5202357560086419,0.2689505897035879,0.2737564226182445,0.41111520587419725,-0.23635972962351934,-0.08860469095605018,-0.27206917630322924,-0.17517285037542601,0.2882952597488703,-2.2123675123061353,-0.6109372438807444,-0.4367131751986035,-0.8525635369319935,-0.24460863214070544,0.6963615137413307,0.9554290690557772,0.172957019761716,2.0778484088000546
2.2416170795560215,-1.014354792441848,1.0453739812832084,-0.6996412284768883,0.7795532713114111,1.678982807567059,0.7197905939531428,-0.03412475778874223,-0.23635972962351934,-1.0036101785280096,-0.3114508199121524,0.8087146023145494,1.9294941781987627,0.16528403949867862,2.631383264184141,-1.086987007680192,0.5945002222002961,1.3826186843297066,-1.9667774198303425,0.9554290690557772,2.542304861303587,-0.4849970290716682
-0.1998335588753916,-0.36742055617129943,-0.744909477057915,2.33320721606742,-1.537016532059994,-0.4360655192281477,-1.0643460913864502,0.6734932078709623,-0.23635972962351934,0.10247945247059007,-0.01817360565049967,-0.8937330139031355,-0.8839896820010528,-0.7491973265800961,-0.2056471803726338,-0.43471583899498756,-0.17474215517237418,-1.3444278460122878,0.6963615137413307,0.9554290690557772,-0.9237125526090926,-0.4849970290716682
2.0728232310017103,1.9623747002734797,1.1476758931884152,-0.23027182634503096,0.7622654369578933,-0.08355746476227989,0.9746672632873703,-0.09333429393960173,-0.23635972962351934,-0.3821274730367737,-0.2593042485100691,0.021419284409205378,0.9916662247988243,-1.2978861462273608,-0.3069696962496615,0.7675145631116538,-0.43909479878960733,0.004563711935156755,-0.23573711300875455,0.9554290690557772,0.172957019761716,-0.4849970290716682
2.0171881948673263,1.918870658307475,1.403430672951433,-0.2663771649705585,0.9005681117860368,0.9739666986353235,1.0383864306209272,-0.33657112075274476,-0.23635972962351934,-0.9406052785618474,-0.32588881043417645,0.7930648517728198,1.226123213148809,0.713972859145944,0.6049329466435875,-1.086987007680192,1.0263555919533742,1.414071153583691,-1.8336204731517587,0.720058769197146,0.172957019761716,-0.4849970290716682
-0.5944723940535576,-0.6673423219419133,0.3804115538993625,-1.1329052919832183,0.5202357560086419,1.678982807567059,0.4011947572853583,0.42855917586274267,-0.23635972962351934,-0.8808699280605085,-0.3224853285491913,0.6463910191587102,1.6950371898487782,1.0797654055774533,1.8208031371679196,-0.43471583899498756,-0.07246062023085544,1.319515346395083,-0.5020510063659221,0.9554290690557772,2.542304861303587,-0.4849970290716682
-0.21829955796631012,-0.38951909436585175,-1.051815212773536,0.9973096869229034,-1.39871385723185,-1.1410816281598832,-0.7457502547186657,0.1967667732889099,2.954496620294174,0.8857451817147562,-0.6438356323466529,-2.1187222897417413,-1.352903658701022,-0.9320935997958506,-1.624162402651021,0.11532843880471967,-0.3350684611932041,-1.6693113692307486,0.5632045670627469,-1.1629036296719049,-0.9237125526090926,-0.4849970290716682
2.2439136800966226,-1.1368461659239626,1.2499778050936223,-0.8801679216045257,0.8659924430790007,2.7365069709646623,0.8472289286202566,-0.3137519414056256,-0.23635972962351934,-1.1781218578436157,-0.31434572479056727,1.5519665581839959,2.6328651432487167,1.0797654055774533,3.54328590707739,-1.086987007680192,0.598450118874867,1.818745344144295,-0.10258016633017138,-0.37833596347646714,2.542304861303587,-0.4849970290716682
-0.7487971687033136,-0.7930254452263641,0.6361663336623801,-0.7357465671024157,0.6239627621297497,1.3264747531011913,0.4011947572853583,0.2665362366735283,-0.23635972962351934,-0.9165056210654554,-0.3180498668072735,0.6720582107456172,1.6950371898487782,0.16528403949867862,1.111545526028726,-0.43471583899498756,0.334073926589065,1.4580725874443503,-0.36889405968733835,0.9554290690557772,0.172957019761716,2.4439691856388723
-0.9133565200587975,-0.9397181567728056,0.7384682455675872,-0.8440625829789983,0.6412505964832674,1.3264747531011913,0.4649139246189152,0.1277526090511885,-0.23635972962351934,-0.8965536934680198,-0.31345585638105705,0.7850303966928197,1.9294941781987627,0.3481803127144332,2.834028295938196,-0.43471583899498756,0.5092656097490306,1.3284163616831717,-0.5020510063659221,0.9554290690557772,2.542304861303587,-0.4849970290716682
2.0788405845956928,1.962999834822144,1.1476758931884152,0.7445723165442111,-0.7072004830911324,-0.08355746476227989,0.9746672632873703,-0.041946753645201944,-0.23635972962351934,-0.32427326696849057,-0.29496319376899843,-0.00939174448791503,-0.1806187169510989,-2.02947123909038,-0.10432466449560614,1.2456017175055467,0.5702083576516855,0.17535393400194355,0.29689067370558,-1.2413603962914486,0.172957019761716,-0.4849970290716682
1.3648636454755423,1.3882700516042716,2.5287517039087106,1.3583630731781786,-2.695301433745696,-1.493589682625751,2.6950847812934065,-2.6689030459103464,-0.23635972962351934,0.4030661691340223,-0.249513158485864,-1.5402884676351065,-0.8839896820010528,-1.8465749658746253,-0.10432466449560614,1.4267698907372455,1.1433164212614995,-0.4009906056012403,0.29689067370558,0.40623170271897086,-0.9237125526090926,-0.4849970290716682
-0.06556559878062808,-0.2470441042815093,-0.6937585211053114,-1.8911174031192957,0.1399034002312471,-0.4360655192281477,-1.0643460913864502,0.9362221535864214,-0.23635972962351934,-0.047355519194108756,-0.271432876676643,-1.1309688089045071,-0.4150757053010835,0.3481803127144332,0.5036104307665599,-0.4367131751986035,-0.33957980746651756,-0.04683616933927975,-2.366248259866093,0.8769723024362333,0.3760439776081627,-0.4849970290716682
-0.9244068175434091,-0.9461214339247966,0.9430720693780013,-1.0606946147321634,0.7449776026043752,2.7365069709646623,0.6560714266195858,0.13536905336039384,-0.23635972962351934,-1.0930692928370531,-0.3291672022463598,1.2104434523825571,2.6328651432487167,0.713972859145944,1.719480621290892,-1.0889427266270237,0.0739602675872111,1.8974536850625003,-0.23573711300875455,-0.9275333298132735,2.542304861303587,-0.4849970290716682
1.4527227446506816,1.4579873641556358,2.3752988360509,1.1417310414250135,-2.6088622619781066,-1.8460977370916187,2.5039272792927356,-1.8858810774748238,-0.23635972962351934,0.1611237293993156,-0.2802310449098302,-1.2747443323535015,-1.1184466703510374,-2.02947123909038,-0.2056471803726338,-0.4327601200481528,0.9281084953345492,-0.14371811470038426,0.29689067370558,-1.2413603962914486,-0.9237125526090926,-0.4849970290716682
-0.5326517419213898,-0.6374388526773195,-0.38685278538969037,0.6001509620421013,0.2436304063523547,-0.08355746476227989,-0.5545927527179951,0.6999540188639732,-0.23635972962351934,-0.1917373576497025,-0.326068468583612,-0.4343110402696587,-0.1806187169510989,-0.9320935997958506,-0.40829221212668915,-0.7608514233375883,-0.4134725481500994,-0.4180028921325004,0.6963615137413307,0.6416020025776021,-0.9237125526090926,-0.4849970290716682
-0.30126683827707584,-0.44843121280482423,-0.4891546972948974,-0.8440625829789983,0.157191234584765,-0.4360655192281477,-0.8731885893857796,0.8572043016128685,-0.23635972962351934,-0.10704018240825687,-0.3084692520094791,-0.7082362767228438,-0.6495326936510681,0.5310765859301878,-0.2056471803726338,0.11328767547961452,-0.26021353043600404,0.03701318865209003,0.29689067370558,0.8769723024362333,1.0259222427167904,-0.4849970290716682
-0.013089641294034659,-0.21077654839647794,-0.8472113889631221,-1.9633280803703506,0.05346422846365737,-1.1410816281598832,-1.3829419280542348,0.9527945417849519,-0.23635972962351934,0.27101801975184325,-0.2526457950775212,-1.5272832150381925,-1.1184466703510374,-0.20050850693283065,-0.40829221212668915,0.15363204079555545,-0.3350684611932041,-0.18203492509953156,-2.366248259866093,0.8769723024362333,-0.9237125526090926,2.382949056165736
2.0872971032637886,1.9772181596697638,1.3011287610462259,-0.23027182634503096,0.8573485259022419,0.6214586441694556,0.9109480959538134,-0.2792870346772717,-0.23635972962351934,-0.889982381716582,-0.3099191433651942,0.6663088593553309,1.226123213148809,-0.38340478014858603,1.8208031371679196,-1.086987007680192,1.216834656826607,1.195152189949147,-1.8336204731517587,-1.2413603962914486,0.172957019761716,-0.4849970290716682
2.046412111524464,1.9395686362732296,1.1988268491410188,0.5640456234165737,0.7795532713114111,-0.08355746476227989,1.102105597954484,-0.06669021724456468,-0.23635972962351934,-0.3234530918542703,-0.27153427000045705,-0.08443956761693107,-0.1806187169510989,-1.2978861462273608,0.0983203672584492,2.7424966316015564,-0.522367113368009,0.05654976447931675,0.0305767803484124,-1.1629036296719049,-0.9237125526090926,-0.4849970290716682
1.2926196279266644,1.3344946270219429,2.7333555277191244,0.7084669779186837,-0.7072004830911324,-2.903621900489222,2.949961450627634,-2.766392537845791,6.145352970211867,0.46191862173383896,-0.2736980997898647,-1.8606102485057496,-2.525188600450945,-1.6636786926588707,-0.3069696962496615,2.6706371438618772,0.043884625765121844,-0.27470821169342124,-1.1678357397588404,0.4846884693385144,-1.2154946308211299,1.894788020380646
2.212513015206788,2.0918521049977095,1.1476758931884152,0.1307815599102439,0.7622654369578933,-0.08355746476227989,1.102105597954484,-0.10909242494769919,-0.23635972962351934,-0.14912648263741776,-0.28354890974384406,-0.07221479378402006,0.2882952597488703,0.3481803127144332,-0.9149047915118275,4.218741502111786,-1.0563017557267924,-0.1527967224019442,-0.10258016633017138,-1.2413603962914486,0.172957019761716,-0.4849970290716682
2.2391062590095676,-1.0487152276925593,1.0965249372358117,-0.7718519057279435,0.8141289400184472,2.0314908620329266,0.6560714266195858,-0.0926683392168349,-0.23635972962351934,-1.0919603974179253,-0.32118053341495095,1.2006099634837084,2.163951166548747,1.4455579520089625,0.6049329466435875,-1.086987007680192,0.7544216638119826,1.764945265222988,-2.8988760465804284,-0.29987919685692327,2.542304861303587,-0.4849970290716682
-0.8413717737614042,-0.8739784097518113,0.7896192015201906,-1.2051159692342734,0.6758262651903035,2.7365069709646623,0.6560714266195858,0.13947393823679116,-0.23635972962351934,-1.0078692078206477,-0.3186795825899652,0.8732348058020917,2.6328651432487167,0.5310765859301878,1.6181581054138643,1.0280620183853046,0.0739602675872111,1.660602652003598,-0.36889405968733835,0.9554290690557772,2.542304861303587,-0.4849970290716682
-0.4138001581363585,-0.5454404469669805,-0.5914566092001045,2.152680522939783,-1.519728697706476,-0.4360655192281477,-0.9369077567193365,0.6246514319527199,-0.23635972962351934,0.006613514802389464,-0.07297496093143972,-0.6108362861861213,-0.6495326936510681,-0.20050850693283065,0.0983203672584492,-1.086987007680192,-0.026291871819753437,-1.2707457928536339,0.6963615137413307,0.9554290690557772,-0.9237125526090926,-0.4849970290716682
-0.2751656926958056,-0.42092766232364315,-0.5403056532475009,-1.8911174031192957,0.1744790689382829,-0.08355746476227989,-0.8731885893857796,0.8008245737786328,-0.23635972962351934,-0.15419069780200442,-0.2923896286208354,-0.682037603165979,0.05383827139888572,-0.017612233717076018,-0.40829221212668915,0.35641374460718134,-0.5469562087397951,0.19687717626187481,-1.3009926864374242,0.8769723024362333,0.172957019761716,-0.4849970290716682
-0.12480158897557336,-0.30662373772768653,-0.6937585211053114,-2.143854773497988,0.07939597999393418,-0.7885735736940155,-1.191784426053564,0.8722067016481533,-0.23635972962351934,0.06826110891946528,-0.28716618500259533,-1.1897944071687678,-0.6495326936510681,0.16528403949867862,-0.2056471803726338,0.08343236903243444,-0.4523634642993526,0.1779452255125692,-2.4994052065446772,0.4846884693385144,-0.9237125526090926,-0.4849970290716682
-0.22749950215994533,-0.3894298675509892,-0.642607565152708,-1.9272227417448227,0.12261556587772918,-0.4360655192281477,-1.0643460913864502,0.9030754223863028,-0.23635972962351934,-0.09792869285608585,-0.30571260434207803,-0.9261036812544908,-0.4150757053010835,0.16528403949867862,-0.2056471803726338,0.11328767547961452,-0.4134725481500994,0.3454382826206825,-2.366248259866093,0.8769723024362333,0.3760439776081627,-0.4849970290716682
1.3285123551841367,1.3585559728619296,2.5287517039087106,0.9973096869229034,-2.7125892680992143,-2.198605791557487,2.6313656139598494,-2.4809370727799607,2.954496620294174,0.21235703675256282,-0.2622292421340456,-1.4365466870714967,-1.5873606470510067,-0.9320935997958506,-0.3069696962496615,3.14145769813599,0.5381712609281556,-0.3144328224454309,0.0305767803484124,-0.6137062633350985,-0.1655212433156943,1.5286672435418285
-0.2507955812484437,-0.4085546646675683,-0.5914566092001045,-1.566169355489548,0.1399034002312471,-0.4360655192281477,-0.9369077567193365,0.9099143351460722,-0.23635972962351934,-0.11592973209079191,-0.31017828794670327,-0.7773483883794916,-0.4150757053010835,0.16528403949867862,-0.40829221212668915,-0.4367131751986035,-0.33957980746651756,0.2630012008648591,-2.099934366508926,0.8769723024362333,0.3760439776081627,-0.4849970290716682
1.7748851085155297,1.7096530992982233,1.7614873646196576,0.5279402847910463,0.9870072835536265,-0.7885735736940155,1.675578103956496,-0.6384815005829722,-0.23635972962351934,-0.25019797829889,-0.30756009439220794,-0.30009998296010154,-0.6495326936510681,-1.6636786926588707,0.0983203672584492,1.7816453848339548,0.4415514454127477,0.08465166202947051,-0.10258016633017138,-1.2413603962914486,-0.9237125526090926,-0.4849970290716682
-0.12751522009999325,-0.29631343800212195,-0.5914566092001045,-1.4217480009874384,0.157191234584765,-0.4360655192281477,-1.0006269240528933,0.8147584735771439,-0.23635972962351934,-0.17674144526841692,-0.27837144081434806,-0.7773483883794916,-0.6495326936510681,0.5310765859301878,0.0983203672584492,-0.1596937000951324,-0.1432527011278789,0.11447947199829671,-1.9667774198303425,0.9554290690557772,-0.9237125526090926,-0.4849970290716682
-0.9012107042366367,-0.9236698163831784,0.7896192015201906,-0.6274305512258335,0.6758262651903035,0.9739666986353235,0.5286330919524721,0.10571250196245209,-0.23635972962351934,-0.904104138954775,-0.3055153023610149,0.7190356769202071,1.6950371898487782,-0.017612233717076018,1.2128680419057536,-0.43471583899498756,0.8461726927489646,1.1838847625548592,-0.36889405968733835,0.9554290690557772,0.172957019761716,2.382949056165736
-0.4483737102806334,-0.5686067904352098,-0.5914566092001045,0.6001509620421013,0.20905473764531887,-0.08355746476227989,-0.5545927527179951,0.6359243263639566,-0.23635972962351934,0.2549220642275865,-0.004006887910577221,-0.727473536938051,-0.4150757053010835,-1.8465749658746253,-0.6109372438807444,-0.7608514233375883,-0.4523634642993526,-1.3867594844145819,0.6963615137413307,0.6416020025776021,-1.5735908177177202,-0.4849970290716682
-0.21854651343348588,-0.3863135823070864,-0.642607565152708,-1.782801387242713,0.1399034002312471,-0.4360655192281477,-1.0006269240528933,0.9257233639885591,-0.23635972962351934,-0.042761162250274244,-0.2903876668694878,-0.7461642654683797,-0.4150757053010835,0.713972859145944,-0.2056471803726338,1.0259284774617177,-0.33957980746651756,0.125345278070243,-2.2330913131875096,0.8769723024362333,0.3760439776081627,-0.4849970290716682
1.8667816523405585,1.7883137822908735,1.5568835408092434,0.38351893028893624,0.9005681117860368,-0.4360655192281477,1.4207014346222686,-0.48955101210066587,-0.23635972962351934,-0.21182828887987037,-0.27959512455470004,-0.24962749488833214,-0.4150757053010835,-2.39526378552189,-0.10432466449560614,1.036141957868278,2.4177861475155544,-0.03901098989264509,-0.10258016633017138,-1.1629036296719049,-0.9237125526090926,-0.4849970290716682
-0.4441119157590092,-0.5644658095023388,-0.43800374134229386,0.38351893028893624,0.22634257199883678,-0.08355746476227989,-0.618311920051552,0.8165107496989912,-0.23635972962351934,-0.1340592490443921,-0.34187149818691825,-0.6243230841088888,-0.4150757053010835,-0.9320935997958506,-0.2056471803726338,-1.0889427266270237,-0.565147121132188,0.32914437550593706,0.6963615137413307,-1.2413603962914486,0.3760439776081627,-0.4849970290716682
-0.89010399939359,-0.9201852312834434,0.7384682455675872,-0.6996412284768883,0.6239627621297497,0.6214586441694556,0.592352259286029,0.15717423976148834,-0.23635972962351934,-0.21910691065887014,-0.19569913011084442,0.2206450114917851,1.9294941781987627,-0.017612233717076018,-1.320194855019938,-0.10862187190916799,-1.319016827330612,-0.9872887563537694,-0.36889405968733835,0.9554290690557772,2.542304861303587,2.4439691856388723
-0.4957909726912252,-0.598187712511041,-0.2845508734844833,1.2861523959271235,-1.6407435381811013,0.2689505897035879,-0.4908735853844382,0.7022194175264853,-0.23635972962351934,-0.2495183153107637,-0.3242099865943197,-0.545441117964744,-0.1806187169510989,-0.9320935997958506,-0.6109372438807444,-0.43471583899498756,-0.0613801206121909,0.414438453103486,0.6963615137413307,0.7985155358166898,0.172957019761716,-0.4849970290716682
1.3256784985462278,1.352786306350311,2.5799026598613137,1.322257734552651,-2.7125892680992143,-1.8460977370916187,2.82252311596052,-2.5805943159634523,2.954496620294174,0.29987587106005825,-0.21030930643340562,-1.6597029462692645,-1.1184466703510374,-1.6636786926588707,-0.5096147280037168,1.7816453848339548,1.1613103950012107,-0.4200876105508075,0.29689067370558,0.40623170271897086,-0.9237125526090926,-0.4849970290716682
-0.26766148805074397,-0.4363135915892447,-0.7960604330105185,-1.9272227417448227,0.07075206281717529,-0.7885735736940155,-1.255503593387121,0.9300420820723772,-0.23635972962351934,0.11240731115641973,-0.30747410949280357,-1.1649704007011523,-0.8839896820010528,0.3481803127144332,-0.3069696962496615,-0.43471583899498756,-0.49413518905225456,0.11447140121036622,-2.366248259866093,0.8769723024362333,0.3760439776081627,2.4439691856388723
-0.1588974379709072,-0.3281503675838705,-0.744909477057915,-0.15806114909397598,0.12261556587772918,-0.4360655192281477,-0.8731885893857796,0.8238257318158144,-0.23635972962351934,-0.07695224590880592,-0.3035502111871521,-1.0408267484615323,-0.8839896820010528,-0.20050850693283065,-0.6109372438807444,-0.7608514233375883,-0.17474215517237418,-0.3624898378076756,0.6963615137413307,0.9554290690557772,-0.9237125526090926,-0.4849970290716682
-0.20862217719915177,-0.37920268820862657,-0.6937585211053114,-1.493958678238493,0.12261556587772918,-0.4360655192281477,-1.0643460913864502,0.9200370253024478,-0.23635972962351934,-0.09803767800728339,-0.3239710618487595,-0.8378356152545543,-0.6495326936510681,0.713972859145944,-0.3069696962496615,-0.7608514233375883,-0.3771743597441295,0.40072511151421003,-1.9667774198303425,0.8769723024362333,0.3760439776081627,-0.4849970290716682
-0.1183561152603858,-0.29059918507930455,-0.5914566092001045,-0.30248250359608597,0.157191234584765,-0.4360655192281477,-0.8731885893857796,0.8239553521273539,-0.23635972962351934,-0.21947326418511034,-0.27014981171285335,-0.8083568920829951,-0.8839896820010528,0.5310765859301878,0.0983203672584492,-0.7608514233375883,-0.1432527011278789,-0.06758462800030476,0.5632045670627469,0.32777493609942704,-0.9237125526090926,-0.4849970290716682
-0.8945558088731188,-0.918498580174305,0.8407701574727942,-0.33858784222161353,0.7104019338973394,0.9739666986353235,0.4649139246189152,0.14225168236482671,-0.23635972962351934,-0.9626196179878848,-0.31940627551170564,0.8036539683512577,1.226123213148809,0.16528403949867862,1.0102230101516982,-0.1596937000951324,0.41231123808571624,1.4968411906264325,-0.36889405968733835,-1.2413603962914486,-0.8424777694705142,2.2609087972194635
-0.32203029094993274,-0.47912815362222044,-0.642607565152708,-1.4217480009874384,0.0880398971706932,-0.7885735736940155,-1.191784426053564,0.8776764622016708,-0.23635972962351934,0.009370940764189699,-0.3237318783990822,-0.8637822644022211,-1.1184466703510374,0.713972859145944,-0.0030021486185784667,-0.43471583899498756,-0.2962014779154273,0.1928857949040872,-1.9667774198303425,0.9554290690557772,1.0259222427167904,-0.4849970290716682
1.5550828001503618,1.5408135449485705,2.0683931003352787,1.4666790890547612,-2.487847421503481,-1.1410816281598832,2.249050609958508,-1.3240407068741904,-0.23635972962351934,0.1392610781782336,-0.2785765047545132,-0.8752930306950805,0.05383827139888572,-2.02947123909038,-0.5096147280037168,2.1051912318413506,-0.4824391061214422,-0.23855819007189816,0.6963615137413307,-1.2413603962914486,0.172957019761716,-0.4849970290716682
-0.24347179484624104,-0.3937665277193146,-0.5403056532475009,-2.0355387576214055,0.157191234584765,0.2689505897035879,-0.8094694220522227,0.8777769931821428,-0.23635972962351934,-0.22185669877847947,-0.31691781843647837,-0.6442668230482419,0.2882952597488703,0.16528403949867862,-0.3069696962496615,-0.4367131751986035,-0.607440992444501,0.337792633643506,-1.4341496331160077,0.4846884693385144,0.172957019761716,-0.4849970290716682
-0.15851079698473303,-0.3401648174466161,-0.8472113889631221,-2.39659214387668,0.036176394110139315,-0.4360655192281477,-1.255503593387121,1.0039200893329139,-0.23635972962351934,0.1316818896355623,-0.2788473501103894,-1.4058709763615334,-0.4150757053010835,-0.20050850693283065,-0.40829221212668915,0.11328767547961452,-0.565147121132188,-0.001670152682782101,-1.700463526473175,0.17086140286033932,0.3760439776081627,-0.4849970290716682
1.7322019056369773,1.675376148993798,1.8126383205722612,0.6723616392931562,-0.7072004830911324,-1.1410816281598832,1.866735605957167,-0.7270737382199449,-0.23635972962351934,-0.04135289245327972,-0.24856498345691752,-0.4495928198863666,-1.1184466703510374,-2.02947123909038,-0.6109372438807444,0.6034928688851957,-0.2962014779154273,-0.2936056088809623,-0.23573711300875455,-1.2413603962914486,-0.9237125526090926,-0.4849970290716682
2.0406981207560926,1.9325756783325145,1.1988268491410188,-0.5913252126003059,0.7795532713114111,0.9739666986353235,1.102105597954484,-0.06274738396360333,-0.23635972962351934,-0.2944401738089904,-0.26959581119626186,-0.08443956761693107,1.9294941781987627,-2.02947123909038,-0.3069696962496615,2.0951048838373736,-1.1059302962024484,0.04584604285933059,-0.10258016633017138,0.9554290690557772,2.542304861303587,-0.4849970290716682
-0.0970913408565587,-0.27558866464967735,-0.6937585211053114,-1.9994334189958776,0.1399034002312471,-0.4360655192281477,-1.0643460913864502,0.8310400134517932,-0.23635972962351934,-0.0966517228672859,-0.29538739996772906,-0.9821547441327082,-0.4150757053010835,0.3481803127144332,-0.0030021486185784667,0.11532843880471967,-0.522367113368009,0.14264671482952052,-2.366248259866093,0.4846884693385144,-0.9237125526090926,-0.4849970290716682
-0.18806809285954168,-0.3627315457820765,-0.744909477057915,-1.8189067258682403,0.07075206281717529,-0.7885735736940155,-1.191784426053564,0.9845032853157629,-0.23635972962351934,0.12943432691087092,-0.27443355676982867,-1.2206238422500757,-0.8839896820010528,-0.20050850693283065,-0.40829221212668915,-0.7608514233375883,-0.3771743597441295,-0.06529869017266424,-2.2330913131875096,0.8769723024362333,0.3760439776081627,-0.4849970290716682
-0.19365119509770673,-0.3647341819444617,-0.744909477057915,-0.23027182634503096,0.07075206281717529,-0.7885735736940155,-1.0643460913864502,0.8986771774878782,2.954496620294174,0.12499116444992006,-0.2545818314393317,-1.2172320102019385,-1.1184466703510374,-0.38340478014858603,-0.10432466449560614,-0.4367131751986035,-0.208750765540429,-0.43736527327099023,0.5632045670627469,-1.1629036296719049,-0.9237125526090926,-0.4849970290716682
-0.3501226482730167,-0.5089491404890097,-0.6937585211053114,-1.3134319851108556,0.10532773152421111,-0.7885735736940155,-1.191784426053564,0.8612516089474969,-0.23635972962351934,0.050964767266355106,-0.33138669244494945,-0.9525586824615968,-1.1184466703510374,0.8968691323616986,-0.10432466449560614,0.11532843880471967,-0.2962014779154273,0.09093749795662429,-1.8336204731517587,0.9554290690557772,1.0259222427167904,-0.4849970290716682
1.2269915324152023,1.2794232262456016,2.7333555277191244,0.7806776551697386,-2.74716493680625,-2.903621900489222,2.949961450627634,-3.083499353044883,6.145352970211867,0.41750605141219554,-0.2702703402783258,-2.0172266233170233,-2.525188600450945,-1.2978861462273608,-0.5096147280037168,1.4267698907372455,1.9386500605567512,-0.2606976206146375,-1.1678357397588404,-1.2413603962914486,-2.210206261089437,2.0778484088000546
1.893007768477757,1.8088883556526199,1.5057325848566399,0.45572960753999125,0.8832802774325188,-0.4360655192281477,1.4207014346222686,-0.374436310139924,-0.23635972962351934,-0.1826913391871513,-0.27746863736301025,-0.22319932544072224,-0.4150757053010835,-2.02947123909038,-0.0030021486185784667,2.0686001309621442,-0.0012288369680123902,-0.15518638910212698,-0.10258016633017138,-1.2413603962914486,-0.9237125526090926,-0.4849970290716682
-0.26880211094900797,-0.4286378981325588,-0.642607565152708,-1.530064016864021,0.07939597999393418,-0.7885735736940155,-1.128065258720007,0.8278267101922475,-0.23635972962351934,0.014357454122948284,-0.2877416267057987,-0.8937330139031355,-1.1184466703510374,0.5310765859301878,-0.2056471803726338,-0.7608514233375883,-0.17474215517237418,0.20767921682014343,-1.9667774198303425,0.8769723024362333,1.0259222427167904,-0.4849970290716682
-0.40732898655088196,-0.5279888121254238,-0.43800374134229386,0.5279402847910463,0.2436304063523547,-0.08355746476227989,-0.5545927527179951,0.6961298138836111,-0.23635972962351934,-0.26099446695416534,-0.25508330140375746,-0.4484999749406211,-0.4150757053010835,-0.7491973265800961,0.3009653990125045,0.5974990504096461,-0.30457798293218935,-0.6297945845914713,0.6963615137413307,0.6416020025776021,-0.9237125526090926,-0.4849970290716682
-0.8380966281766442,-0.8760275277074344,0.7384682455675872,-1.1690106306087455,0.6758262651903035,2.7365069709646623,0.6560714266195858,0.1791514651319176,-0.23635972962351934,-1.0982202489005886,-0.3235069057674895,1.2942709601440703,2.6328651432487167,1.0797654055774533,2.1247706847990027,-0.7608514233375883,0.0739602675872111,1.9637076986732096,-0.36889405968733835,0.9554290690557772,2.542304861303587,-0.4849970290716682
-0.8188339951067661,-0.8610890996277115,0.5850153777097765,-0.6274305512258335,0.6153188449529907,0.9739666986353235,0.33747558995180144,0.22876430424236316,-0.23635972962351934,-1.0509458383809165,-0.31310917002382466,0.991288972588488,1.226123213148809,0.8968691323616986,1.8208031371679196,0.11532843880471967,0.5000318600668102,1.5720647507064593,-0.5020510063659221,0.9554290690557772,0.172957019761716,2.3219289266925998
-0.7528730002133858,-0.7998223593685405,0.5850153777097765,-1.2051159692342734,0.5893870934227136,2.0314908620329266,0.5286330919524721,0.35591245242825686,-0.23635972962351934,-0.8373076369593802,-0.33440036767878395,0.5598202040093162,2.6328651432487167,-0.017612233717076018,1.415513073659809,-0.7608514233375883,-0.017733762358183247,1.057231920305188,-0.5020510063659221,0.9554290690557772,2.542304861303587,-0.4849970290716682
-0.38174553043124315,-0.49859992365420486,-0.3357018294370868,1.5027844276802882,-1.6234557038275834,-0.08355746476227989,-0.618311920051552,0.7295206138966648,-0.23635972962351934,-0.18430334367986842,-0.30323685274402357,-0.5518295595821744,-0.1806187169510989,-1.1149898730116052,-0.3069696962496615,-0.43471583899498756,-0.4134725481500994,0.13522841053490603,0.6963615137413307,0.8769723024362333,-0.9237125526090926,-0.4849970290716682
